email,firstname,lastname,gender,address,city,country
rantonetti5@prlog.org,asdfasdf,Antonetti,Female,487 Corscot Street,Goshogawara,Japan
jsouthall6@cyberchimps.com,Joan,Southall,Female,6270 Oneill Parkway,Vyksa,Canadia
bdrable7@engadget.com,Benson,Drable,Male,95371 Dovetail Circle,Santa Lucia,Philippines
tstubbert9@flickr.com,Taber,Stubbert,Male,32538 Autumn Leaf Alley,Yashkul’,Russia
mdyea@who.int,Mirabel,Dye,Female,176 Maryland Center,Yevpatoriya,Ukraine
mdoutchb@unesco.org,Michel,Doutch,Female,83921 Portage Lane,Santa Maria,Mexico
mfleischc@nifty.com,Marcelline,Fleisch,Female,23314 Blue Bill Park Hill,Phu Loc,Vietnam
wwakleyd@miibeian.gov.cn,Waly,Wakley,Female,2 Sundown Avenue,Saint-Quentin-en-Yvelines,France
ycritchere@github.com,Yorgo,Critcher,Male,3994 Maryland Park,Pongol,Philippines
ldunlapf@shinystat.com,Lorilee,Dunlap,Female,724 Crest Line Hill,Ciudad Ojeda,Venezuela
apatersong@infoseek.co.jp,Arda,Paterson,Female,6 Barnett Alley,Panadtaban,Philippines
rgasperoh@google.com,Rubie,Gaspero,Female,1 Ronald Regan Avenue,Panglanjan,Indonesia
pdowsei@bigcartel.com,Patric,Dowse,Male,0363 Garrison Place,Oliveira de Frades,Portugal
ocordayj@edublogs.org,Ole,Corday,Male,9 Basil Street,Fengren,China
mscotlandk@de.vu,Minta,Scotland,Female,6807 Carpenter Crossing,Krajan Jabungcandi,Indonesia
tdaldanl@adobe.com,Tim,Daldan,Female,98 Knutson Drive,Álvares Machado,Brazil
mfruddm@prlog.org,Michele,Frudd,Male,6179 Starling Park,Rates,Portugal
kwoolmoren@scientificamerican.com,Karly,Woolmore,Female,7 Hermina Parkway,Tópaga,Colombia
emilleao@histats.com,Elga,Millea,Female,0485 2nd Plaza,Umeå,Sweden